0,221001,green,red,IS05512,bin666,lid555,door333,left222,right1121
1,221001,green,red,IS05512,bin666,lid555,door333,left222,right1121
2,221001,green,red,IS05512,bin666,lid555,door333,left222,right1121
3,221001,green,red,IS05512,bin666,lid555,door333,left222,right1121
4,221001,green,red,IS05512,bin666,lid555,door333,left222,right1121
5,221001,green,red,IS05512,bin666,lid555,door333,left222,right1121
6,221001,green,red,IS05512,bin666,lid555,door333,left222,right1121
7,221001,green,red,IS05512,bin666,lid555,door333,left222,right1121
8,221001,green,red,IS05512,bin666,lid555,door333,left222,right1121
9,221001,green,red,IS05512,bin666,lid555,door333,left222,right1121
10,221001,green,red,IS05512,bin666,lid555,door333,left222,right1121
11,221001,green,red,IS05512,bin666,lid555,door333,left222,right1121
12,221001,green,red,IS05512,bin666,lid555,door333,left222,right1121
13,221001,green,red,IS05512,bin666,lid555,door333,left222,right1121
14,221001,green,red,IS05512,bin666,lid555,door333,left222,right1121
15,221001,green,red,IS05512,bin666,lid555,door333,left222,right1121
16,221001,green,red,IS05512,bin666,lid555,door333,left222,right1121
17,221001,green,red,IS05512,bin666,lid555,door333,left222,right1121
18,221001,green,red,IS05512,bin666,lid555,door333,left222,right1121
19,221001,green,red,IS05512,bin666,lid555,door333,left222,right1121
20,221001,green,red,IS05512,bin666,lid555,door333,left222,right1121
21,221001,green,red,IS05512,bin666,lid555,door333,left222,right1121
22,221001,green,red,IS05512,bin666,lid555,door333,left222,right1121
23,221001,green,red,IS05512,bin666,lid555,door333,left222,right1121
24,221001,green,red,IS05512,bin666,lid555,door333,left222,right1121
25,221001,green,red,IS05512,bin666,lid555,door333,left222,right1121
26,221001,green,red,IS05512,bin666,lid555,door333,left222,right1121
27,221001,green,red,IS05512,bin666,lid555,door333,left222,right1121
28,221001,green,red,IS05512,bin666,lid555,door333,left222,right1121
29,221001,green,red,IS05512,bin666,lid555,door333,left222,right1121
30,221001,green,red,IS05512,bin666,lid555,door333,left222,right1121
31,221001,green,red,IS05512,bin666,lid555,door333,left222,right1121
32,221001,green,red,IS05512,bin666,lid555,door333,left222,right1121
33,221001,green,red,IS05512,bin666,lid555,door333,left222,right1121
34,221001,green,red,IS05512,bin666,lid555,door333,left222,right1121
35,221001,green,red,IS05512,bin666,lid555,door333,left222,right1121
36,221001,green,red,IS05512,bin666,lid555,door333,left222,right1121
37,221001,green,red,IS05512,bin666,lid555,door333,left222,right1121
38,221001,green,red,IS05512,bin666,lid555,door333,left222,right1121
39,221001,green,red,IS05512,bin666,lid555,door333,left222,right1121
40,221001,green,red,IS05512,bin666,lid555,door333,left222,right1121
41,221001,green,red,IS05512,bin666,lid555,door333,left222,right1121
42,221001,green,red,IS05512,bin666,lid555,door333,left222,right1121
43,221001,green,red,IS05512,bin666,lid555,door333,left222,right1121
44,221001,green,red,IS05512,bin666,lid555,door333,left222,right1121
45,221001,green,red,IS05512,bin666,lid555,door333,left222,right1121
46,221001,green,red,IS05512,bin666,lid555,door333,left222,right1121
47,221001,green,red,IS05512,bin666,lid555,door333,left222,right1121
48,221001,green,red,IS05512,bin666,lid555,door333,left222,right1121
49,221001,green,red,IS05512,bin666,lid555,door333,left222,right1121
50,221001,green,red,IS05512,bin666,lid555,door333,left222,right1121
51,221001,green,red,IS05512,bin666,lid555,door333,left222,right1121
52,221001,green,red,IS05512,bin666,lid555,door333,left222,right1121
53,221001,green,red,IS05512,bin666,lid555,door333,left222,right1121
54,221001,green,red,IS05512,bin666,lid555,door333,left222,right1121
55,221001,green,red,IS05512,bin666,lid555,door333,left222,right1121
56,221001,green,red,IS05512,bin666,lid555,door333,left222,right1121
57,221001,green,red,IS05512,bin666,lid555,door333,left222,right1121
58,221001,green,red,IS05512,bin666,lid555,door333,left222,right1121
59,221001,green,red,IS05512,bin666,lid555,door333,left222,right1121
60,221001,green,red,IS05512,bin666,lid555,door333,left222,right1121
61,221001,green,red,IS05512,bin666,lid555,door333,left222,right1121
62,221001,green,red,IS05512,bin666,lid555,door333,left222,right1121
63,221001,green,red,IS05512,bin666,lid555,door333,left222,right1121
64,221001,green,red,IS05512,bin666,lid555,door333,left222,right1121
65,221001,green,red,IS05512,bin666,lid555,door333,left222,right1121
66,221001,green,red,IS05512,bin666,lid555,door333,left222,right1121
67,221001,green,red,IS05512,bin666,lid555,door333,left222,right1121
68,221001,green,red,IS05512,bin666,lid555,door333,left222,right1121
69,221001,green,red,IS05512,bin666,lid555,door333,left222,right1121
70,221001,green,red,IS05512,bin666,lid555,door333,left222,right1121
71,221001,green,red,IS05512,bin666,lid555,door333,left222,right1121
72,221001,green,red,IS05512,bin666,lid555,door333,left222,right1121
73,221001,green,red,IS05512,bin666,lid555,door333,left222,right1121
74,221001,green,red,IS05512,bin666,lid555,door333,left222,right1121
75,221001,green,red,IS05512,bin666,lid555,door333,left222,right1121
76,221001,green,red,IS05512,bin666,lid555,door333,left222,right1121
77,221001,green,red,IS05512,bin666,lid555,door333,left222,right1121
78,221001,green,red,IS05512,bin666,lid555,door333,left222,right1121
79,221001,green,red,IS05512,bin666,lid555,door333,left222,right1121
80,221001,green,red,IS05512,bin666,lid555,door333,left222,right1121
81,221001,green,red,IS05512,bin666,lid555,door333,left222,right1121
82,221001,green,red,IS05512,bin666,lid555,door333,left222,right1121
83,221001,green,red,IS05512,bin666,lid555,door333,left222,right1121
84,221001,green,red,IS05512,bin666,lid555,door333,left222,right1121
85,221001,green,red,IS05512,bin666,lid555,door333,left222,right1121
86,221001,green,red,IS05512,bin666,lid555,door333,left222,right1121
87,221001,green,red,IS05512,bin666,lid555,door333,left222,right1121
88,221001,green,red,IS05512,bin666,lid555,door333,left222,right1121
89,221001,green,red,IS05512,bin666,lid555,door333,left222,right1121
90,221001,green,red,IS05512,bin666,lid555,door333,left222,right1121
91,221001,green,red,IS05512,bin666,lid555,door333,left222,right1121
92,221001,green,red,IS05512,bin666,lid555,door333,left222,right1121
93,221001,green,red,IS05512,bin666,lid555,door333,left222,right1121
94,221001,green,red,IS05512,bin666,lid555,door333,left222,right1121
95,221001,green,red,IS05512,bin666,lid555,door333,left222,right1121
96,221001,green,red,IS05512,bin666,lid555,door333,left222,right1121
97,221001,green,red,IS05512,bin666,lid555,door333,left222,right1121
98,221001,green,red,IS05512,bin666,lid555,door333,left222,right1121
99,221001,green,red,IS05512,bin666,lid555,door333,left222,right1121
100,221001,green,red,IS05512,bin666,lid555,door333,left222,right1121
101,221001,green,red,IS05512,bin666,lid555,door333,left222,right1121
102,221001,green,red,IS05512,bin666,lid555,door333,left222,right1121
103,221001,green,red,IS05512,bin666,lid555,door333,left222,right1121
104,221001,green,red,IS05512,bin666,lid555,door333,left222,right1121
105,221001,green,red,IS05512,bin666,lid555,door333,left222,right1121
106,221001,green,red,IS05512,bin666,lid555,door333,left222,right1121
107,221001,green,red,IS05512,bin666,lid555,door333,left222,right1121
108,221001,green,red,IS05512,bin666,lid555,door333,left222,right1121
109,221001,green,red,IS05512,bin666,lid555,door333,left222,right1121
110,221001,green,red,IS05512,bin666,lid555,door333,left222,right1121
111,221001,green,red,IS05512,bin666,lid555,door333,left222,right1121
112,221001,green,red,IS05512,bin666,lid555,door333,left222,right1121
113,221001,green,red,IS05512,bin666,lid555,door333,left222,right1121
114,221001,green,red,IS05512,bin666,lid555,door333,left222,right1121
115,221001,green,red,IS05512,bin666,lid555,door333,left222,right1121
116,221001,green,red,IS05512,bin666,lid555,door333,left222,right1121
117,221001,green,red,IS05512,bin666,lid555,door333,left222,right1121
118,221001,green,red,IS05512,bin666,lid555,door333,left222,right1121
119,221001,green,red,IS05512,bin666,lid555,door333,left222,right1121
120,221001,green,red,IS05512,bin666,lid555,door333,left222,right1121
121,221001,green,red,IS05512,bin666,lid555,door333,left222,right1121
122,221001,green,red,IS05512,bin666,lid555,door333,left222,right1121
123,221001,green,red,IS05512,bin666,lid555,door333,left222,right1121
124,221001,green,red,IS05512,bin666,lid555,door333,left222,right1121
125,221001,green,red,IS05512,bin666,lid555,door333,left222,right1121
126,221001,green,red,IS05512,bin666,lid555,door333,left222,right1121
127,221001,green,red,IS05512,bin666,lid555,door333,left222,right1121
128,221001,green,red,IS05512,bin666,lid555,door333,left222,right1121
129,221001,green,red,IS05512,bin666,lid555,door333,left222,right1121
130,221001,green,red,IS05512,bin666,lid555,door333,left222,right1121
131,221001,green,red,IS05512,bin666,lid555,door333,left222,right1121
132,221001,green,red,IS05512,bin666,lid555,door333,left222,right1121
133,221001,green,red,IS05512,bin666,lid555,door333,left222,right1121
134,221001,green,red,IS05512,bin666,lid555,door333,left222,right1121
135,221001,green,red,IS05512,bin666,lid555,door333,left222,right1121
136,221001,green,red,IS05512,bin666,lid555,door333,left222,right1121
137,221001,green,red,IS05512,bin666,lid555,door333,left222,right1121
138,221001,green,red,IS05512,bin666,lid555,door333,left222,right1121
139,221001,green,red,IS05512,bin666,lid555,door333,left222,right1121
140,221001,green,red,IS05512,bin666,lid555,door333,left222,right1121
141,221001,green,red,IS05512,bin666,lid555,door333,left222,right1121
142,221001,green,red,IS05512,bin666,lid555,door333,left222,right1121
143,221001,green,red,IS05512,bin666,lid555,door333,left222,right1121
144,221001,green,red,IS05512,bin666,lid555,door333,left222,right1121
145,221001,green,red,IS05512,bin666,lid555,door333,left222,right1121
146,221001,green,red,IS05512,bin666,lid555,door333,left222,right1121
147,221001,green,red,IS05512,bin666,lid555,door333,left222,right1121
148,221001,green,red,IS05512,bin666,lid555,door333,left222,right1121
149,221001,green,red,IS05512,bin666,lid555,door333,left222,right1121
150,221001,green,red,IS05512,bin666,lid555,door333,left222,right1121
151,221001,green,red,IS05512,bin666,lid555,door333,left222,right1121
152,221001,green,red,IS05512,bin666,lid555,door333,left222,right1121
153,221001,green,red,IS05512,bin666,lid555,door333,left222,right1121
154,221001,green,red,IS05512,bin666,lid555,door333,left222,right1121
155,221001,green,red,IS05512,bin666,lid555,door333,left222,right1121
156,221001,green,red,IS05512,bin666,lid555,door333,left222,right1121
157,221001,green,red,IS05512,bin666,lid555,door333,left222,right1121
158,221001,green,red,IS05512,bin666,lid555,door333,left222,right1121
159,221001,green,red,IS05512,bin666,lid555,door333,left222,right1121
160,221001,green,red,IS05512,bin666,lid555,door333,left222,right1121
161,221001,green,red,IS05512,bin666,lid555,door333,left222,right1121
162,221001,green,red,IS05512,bin666,lid555,door333,left222,right1121
163,221001,green,red,IS05512,bin666,lid555,door333,left222,right1121
164,221001,green,red,IS05512,bin666,lid555,door333,left222,right1121
165,221001,green,red,IS05512,bin666,lid555,door333,left222,right1121
166,221001,green,red,IS05512,bin666,lid555,door333,left222,right1121
167,221001,green,red,IS05512,bin666,lid555,door333,left222,right1121
168,221001,green,red,IS05512,bin666,lid555,door333,left222,right1121
169,221001,green,red,IS05512,bin666,lid555,door333,left222,right1121
170,221001,green,red,IS05512,bin666,lid555,door333,left222,right1121
171,221001,green,red,IS05512,bin666,lid555,door333,left222,right1121
172,221001,green,red,IS05512,bin666,lid555,door333,left222,right1121
173,221001,green,red,IS05512,bin666,lid555,door333,left222,right1121
174,221001,green,red,IS05512,bin666,lid555,door333,left222,right1121
175,221001,green,red,IS05512,bin666,lid555,door333,left222,right1121
176,221001,green,red,IS05512,bin666,lid555,door333,left222,right1121
177,221001,green,red,IS05512,bin666,lid555,door333,left222,right1121
178,221001,green,red,IS05512,bin666,lid555,door333,left222,right1121
179,221001,green,red,IS05512,bin666,lid555,door333,left222,right1121
180,221001,green,red,IS05512,bin666,lid555,door333,left222,right1121
181,221001,green,red,IS05512,bin666,lid555,door333,left222,right1121
182,221001,green,red,IS05512,bin666,lid555,door333,left222,right1121
183,221001,green,red,IS05512,bin666,lid555,door333,left222,right1121
184,221001,green,red,IS05512,bin666,lid555,door333,left222,right1121
185,221001,green,red,IS05512,bin666,lid555,door333,left222,right1121
186,221001,green,red,IS05512,bin666,lid555,door333,left222,right1121
187,221001,green,red,IS05512,bin666,lid555,door333,left222,right1121
188,221001,green,red,IS05512,bin666,lid555,door333,left222,right1121
189,221001,green,red,IS05512,bin666,lid555,door333,left222,right1121
190,221001,green,red,IS05512,bin666,lid555,door333,left222,right1121
191,221001,green,red,IS05512,bin666,lid555,door333,left222,right1121
192,221001,green,red,IS05512,bin666,lid555,door333,left222,right1121
193,221001,green,red,IS05512,bin666,lid555,door333,left222,right1121
194,221001,green,red,IS05512,bin666,lid555,door333,left222,right1121
195,221001,green,red,IS05512,bin666,lid555,door333,left222,right1121
196,221001,green,red,IS05512,bin666,lid555,door333,left222,right1121
197,221001,green,red,IS05512,bin666,lid555,door333,left222,right1121
198,221001,green,red,IS05512,bin666,lid555,door333,left222,right1121
199,221001,green,red,IS05512,bin666,lid555,door333,left222,right1121
200,221001,green,red,IS05512,bin666,lid555,door333,left222,right1121
201,221001,green,red,IS05512,bin666,lid555,door333,left222,right1121
202,221001,green,red,IS05512,bin666,lid555,door333,left222,right1121
203,221001,green,red,IS05512,bin666,lid555,door333,left222,right1121
204,221001,green,red,IS05512,bin666,lid555,door333,left222,right1121
205,221001,green,red,IS05512,bin666,lid555,door333,left222,right1121
206,221001,green,red,IS05512,bin666,lid555,door333,left222,right1121
207,221001,green,red,IS05512,bin666,lid555,door333,left222,right1121
208,221001,green,red,IS05512,bin666,lid555,door333,left222,right1121
209,221001,green,red,IS05512,bin666,lid555,door333,left222,right1121
210,221001,green,red,IS05512,bin666,lid555,door333,left222,right1121
211,221001,green,red,IS05512,bin666,lid555,door333,left222,right1121
212,221001,green,red,IS05512,bin666,lid555,door333,left222,right1121
213,221001,green,red,IS05512,bin666,lid555,door333,left222,right1121
214,221001,green,red,IS05512,bin666,lid555,door333,left222,right1121
215,221001,green,red,IS05512,bin666,lid555,door333,left222,right1121
216,221001,green,red,IS05512,bin666,lid555,door333,left222,right1121
217,221001,green,red,IS05512,bin666,lid555,door333,left222,right1121
218,221001,green,red,IS05512,bin666,lid555,door333,left222,right1121
219,221001,green,red,IS05512,bin666,lid555,door333,left222,right1121
220,221001,green,red,IS05512,bin666,lid555,door333,left222,right1121
221,221001,green,red,IS05512,bin666,lid555,door333,left222,right1121
222,221001,green,red,IS05512,bin666,lid555,door333,left222,right1121
223,221001,green,red,IS05512,bin666,lid555,door333,left222,right1121
224,221001,green,red,IS05512,bin666,lid555,door333,left222,right1121
225,221001,green,red,IS05512,bin666,lid555,door333,left222,right1121
226,221001,green,red,IS05512,bin666,lid555,door333,left222,right1121
227,221001,green,red,IS05512,bin666,lid555,door333,left222,right1121
228,221001,green,red,IS05512,bin666,lid555,door333,left222,right1121
229,221001,green,red,IS05512,bin666,lid555,door333,left222,right1121
230,221001,green,red,IS05512,bin666,lid555,door333,left222,right1121
231,221001,green,red,IS05512,bin666,lid555,door333,left222,right1121
232,221001,green,red,IS05512,bin666,lid555,door333,left222,right1121
233,221001,green,red,IS05512,bin666,lid555,door333,left222,right1121
234,221001,green,red,IS05512,bin666,lid555,door333,left222,right1121
235,221001,green,red,IS05512,bin666,lid555,door333,left222,right1121
236,221001,green,red,IS05512,bin666,lid555,door333,left222,right1121
237,221001,green,red,IS05512,bin666,lid555,door333,left222,right1121
238,221001,green,red,IS05512,bin666,lid555,door333,left222,right1121
239,221001,green,red,IS05512,bin666,lid555,door333,left222,right1121
240,221001,green,red,IS05512,bin666,lid555,door333,left222,right1121
241,221001,green,red,IS05512,bin666,lid555,door333,left222,right1121
242,221001,green,red,IS05512,bin666,lid555,door333,left222,right1121
243,221001,green,red,IS05512,bin666,lid555,door333,left222,right1121
244,221001,green,red,IS05512,bin666,lid555,door333,left222,right1121
245,221001,green,red,IS05512,bin666,lid555,door333,left222,right1121
246,221001,green,red,IS05512,bin666,lid555,door333,left222,right1121
247,221001,green,red,IS05512,bin666,lid555,door333,left222,right1121
248,221001,green,red,IS05512,bin666,lid555,door333,left222,right1121
249,221001,green,red,IS05512,bin666,lid555,door333,left222,right1121
250,221001,green,red,IS05512,bin666,lid555,door333,left222,right1121
251,221001,green,red,IS05512,bin666,lid555,door333,left222,right1121
252,221001,green,red,IS05512,bin666,lid555,door333,left222,right1121
253,221001,green,red,IS05512,bin666,lid555,door333,left222,right1121
254,221001,green,red,IS05512,bin666,lid555,door333,left222,right1121
255,221001,green,red,IS05512,bin666,lid555,door333,left222,right1121
256,221001,green,red,IS05512,bin666,lid555,door333,left222,right1121
257,221001,green,red,IS05512,bin666,lid555,door333,left222,right1121
258,221001,green,red,IS05512,bin666,lid555,door333,left222,right1121
259,221001,green,red,IS05512,bin666,lid555,door333,left222,right1121
260,221001,green,red,IS05512,bin666,lid555,door333,left222,right1121
261,221001,green,red,IS05512,bin666,lid555,door333,left222,right1121
262,221001,green,red,IS05512,bin666,lid555,door333,left222,right1121
263,221001,green,red,IS05512,bin666,lid555,door333,left222,right1121
264,221001,green,red,IS05512,bin666,lid555,door333,left222,right1121
265,221001,green,red,IS05512,bin666,lid555,door333,left222,right1121
266,221001,green,red,IS05512,bin666,lid555,door333,left222,right1121
267,221001,green,red,IS05512,bin666,lid555,door333,left222,right1121
268,221001,green,red,IS05512,bin666,lid555,door333,left222,right1121
269,221001,green,red,IS05512,bin666,lid555,door333,left222,right1121
270,221001,green,red,IS05512,bin666,lid555,door333,left222,right1121
271,221001,green,red,IS05512,bin666,lid555,door333,left222,right1121
272,221001,green,red,IS05512,bin666,lid555,door333,left222,right1121
273,221001,green,red,IS05512,bin666,lid555,door333,left222,right1121
274,221001,green,red,IS05512,bin666,lid555,door333,left222,right1121
275,221001,green,red,IS05512,bin666,lid555,door333,left222,right1121
276,221001,green,red,IS05512,bin666,lid555,door333,left222,right1121
277,221001,green,red,IS05512,bin666,lid555,door333,left222,right1121
278,221001,green,red,IS05512,bin666,lid555,door333,left222,right1121
279,221001,green,red,IS05512,bin666,lid555,door333,left222,right1121
280,221001,green,red,IS05512,bin666,lid555,door333,left222,right1121
281,221001,green,red,IS05512,bin666,lid555,door333,left222,right1121
282,221001,green,red,IS05512,bin666,lid555,door333,left222,right1121
283,221001,green,red,IS05512,bin666,lid555,door333,left222,right1121
284,221001,green,red,IS05512,bin666,lid555,door333,left222,right1121
285,221001,green,red,IS05512,bin666,lid555,door333,left222,right1121
286,221001,green,red,IS05512,bin666,lid555,door333,left222,right1121
287,221001,green,red,IS05512,bin666,lid555,door333,left222,right1121
288,221001,green,red,IS05512,bin666,lid555,door333,left222,right1121
289,221001,green,red,IS05512,bin666,lid555,door333,left222,right1121
290,221001,green,red,IS05512,bin666,lid555,door333,left222,right1121
291,221001,green,red,IS05512,bin666,lid555,door333,left222,right1121
292,221001,green,red,IS05512,bin666,lid555,door333,left222,right1121
293,221001,green,red,IS05512,bin666,lid555,door333,left222,right1121
294,221001,green,red,IS05512,bin666,lid555,door333,left222,right1121
295,221001,green,red,IS05512,bin666,lid555,door333,left222,right1121
296,221001,green,red,IS05512,bin666,lid555,door333,left222,right1121
297,221001,green,red,IS05512,bin666,lid555,door333,left222,right1121
298,221001,green,red,IS05512,bin666,lid555,door333,left222,right1121
299,221001,green,red,IS05512,bin666,lid555,door333,left222,right1121
300,221001,green,red,IS05512,bin666,lid555,door333,left222,right1121
301,221001,green,red,IS05512,bin666,lid555,door333,left222,right1121
302,221001,green,red,IS05512,bin666,lid555,door333,left222,right1121
303,221001,green,red,IS05512,bin666,lid555,door333,left222,right1121
304,221001,green,red,IS05512,bin666,lid555,door333,left222,right1121
305,221001,green,red,IS05512,bin666,lid555,door333,left222,right1121
306,221001,green,red,IS05512,bin666,lid555,door333,left222,right1121
307,221001,green,red,IS05512,bin666,lid555,door333,left222,right1121
308,221001,green,red,IS05512,bin666,lid555,door333,left222,right1121
309,221001,green,red,IS05512,bin666,lid555,door333,left222,right1121
310,221001,green,red,IS05512,bin666,lid555,door333,left222,right1121
311,221001,green,red,IS05512,bin666,lid555,door333,left222,right1121
312,221001,green,red,IS05512,bin666,lid555,door333,left222,right1121
313,221001,green,red,IS05512,bin666,lid555,door333,left222,right1121
314,221001,green,red,IS05512,bin666,lid555,door333,left222,right1121
315,221001,green,red,IS05512,bin666,lid555,door333,left222,right1121
316,221001,green,red,IS05512,bin666,lid555,door333,left222,right1121
317,221001,green,red,IS05512,bin666,lid555,door333,left222,right1121
318,221001,green,red,IS05512,bin666,lid555,door333,left222,right1121
319,221001,green,red,IS05512,bin666,lid555,door333,left222,right1121
320,221001,green,red,IS05512,bin666,lid555,door333,left222,right1121
321,221001,green,red,IS05512,bin666,lid555,door333,left222,right1121
322,221001,green,red,IS05512,bin666,lid555,door333,left222,right1121
323,221001,green,red,IS05512,bin666,lid555,door333,left222,right1121
324,221001,green,red,IS05512,bin666,lid555,door333,left222,right1121
325,221001,green,red,IS05512,bin666,lid555,door333,left222,right1121
326,221001,green,red,IS05512,bin666,lid555,door333,left222,right1121
327,221001,green,red,IS05512,bin666,lid555,door333,left222,right1121
328,221001,green,red,IS05512,bin666,lid555,door333,left222,right1121
329,221001,green,red,IS05512,bin666,lid555,door333,left222,right1121
330,221001,green,red,IS05512,bin666,lid555,door333,left222,right1121
331,221001,green,red,IS05512,bin666,lid555,door333,left222,right1121
332,221001,green,red,IS05512,bin666,lid555,door333,left222,right1121
333,221001,green,red,IS05512,bin666,lid555,door333,left222,right1121
334,221001,green,red,IS05512,bin666,lid555,door333,left222,right1121
335,221001,green,red,IS05512,bin666,lid555,door333,left222,right1121
336,221001,green,red,IS05512,bin666,lid555,door333,left222,right1121
337,221001,green,red,IS05512,bin666,lid555,door333,left222,right1121
338,221001,green,red,IS05512,bin666,lid555,door333,left222,right1121
339,221001,green,red,IS05512,bin666,lid555,door333,left222,right1121
340,221001,green,red,IS05512,bin666,lid555,door333,left222,right1121
341,221001,green,red,IS05512,bin666,lid555,door333,left222,right1121
342,221001,green,red,IS05512,bin666,lid555,door333,left222,right1121
343,221001,green,red,IS05512,bin666,lid555,door333,left222,right1121
344,221001,green,red,IS05512,bin666,lid555,door333,left222,right1121
345,221001,green,red,IS05512,bin666,lid555,door333,left222,right1121
346,221001,green,red,IS05512,bin666,lid555,door333,left222,right1121
347,221001,green,red,IS05512,bin666,lid555,door333,left222,right1121
348,221001,green,red,IS05512,bin666,lid555,door333,left222,right1121
349,221001,green,red,IS05512,bin666,lid555,door333,left222,right1121
350,221001,green,red,IS05512,bin666,lid555,door333,left222,right1121
351,221001,green,red,IS05512,bin666,lid555,door333,left222,right1121
352,221001,green,red,IS05512,bin666,lid555,door333,left222,right1121
353,221001,green,red,IS05512,bin666,lid555,door333,left222,right1121
354,221001,green,red,IS05512,bin666,lid555,door333,left222,right1121
355,221001,green,red,IS05512,bin666,lid555,door333,left222,right1121
356,221001,green,red,IS05512,bin666,lid555,door333,left222,right1121
357,221001,green,red,IS05512,bin666,lid555,door333,left222,right1121
358,221001,green,red,IS05512,bin666,lid555,door333,left222,right1121
359,221001,green,red,IS05512,bin666,lid555,door333,left222,right1121
360,221001,green,red,IS05512,bin666,lid555,door333,left222,right1121
361,221001,green,red,IS05512,bin666,lid555,door333,left222,right1121
362,221001,green,red,IS05512,bin666,lid555,door333,left222,right1121
363,221001,green,red,IS05512,bin666,lid555,door333,left222,right1121
364,221001,green,red,IS05512,bin666,lid555,door333,left222,right1121
365,221001,green,red,IS05512,bin666,lid555,door333,left222,right1121
366,221001,green,red,IS05512,bin666,lid555,door333,left222,right1121
367,221001,green,red,IS05512,bin666,lid555,door333,left222,right1121
368,221001,green,red,IS05512,bin666,lid555,door333,left222,right1121
369,221001,green,red,IS05512,bin666,lid555,door333,left222,right1121
370,221001,green,red,IS05512,bin666,lid555,door333,left222,right1121
371,221001,green,red,IS05512,bin666,lid555,door333,left222,right1121
372,221001,green,red,IS05512,bin666,lid555,door333,left222,right1121
373,221001,green,red,IS05512,bin666,lid555,door333,left222,right1121
374,221001,green,red,IS05512,bin666,lid555,door333,left222,right1121
375,221001,green,red,IS05512,bin666,lid555,door333,left222,right1121
376,221001,green,red,IS05512,bin666,lid555,door333,left222,right1121
377,221001,green,red,IS05512,bin666,lid555,door333,left222,right1121
378,221001,green,red,IS05512,bin666,lid555,door333,left222,right1121
379,221001,green,red,IS05512,bin666,lid555,door333,left222,right1121
380,221001,green,red,IS05512,bin666,lid555,door333,left222,right1121
381,221001,green,red,IS05512,bin666,lid555,door333,left222,right1121
382,221001,green,red,IS05512,bin666,lid555,door333,left222,right1121
383,221001,green,red,IS05512,bin666,lid555,door333,left222,right1121
384,221001,green,red,IS05512,bin666,lid555,door333,left222,right1121
385,221001,green,red,IS05512,bin666,lid555,door333,left222,right1121
386,221001,green,red,IS05512,bin666,lid555,door333,left222,right1121
387,221001,green,red,IS05512,bin666,lid555,door333,left222,right1121
388,221001,green,red,IS05512,bin666,lid555,door333,left222,right1121
389,221001,green,red,IS05512,bin666,lid555,door333,left222,right1121
390,221001,green,red,IS05512,bin666,lid555,door333,left222,right1121
391,221001,green,red,IS05512,bin666,lid555,door333,left222,right1121
392,221001,green,red,IS05512,bin666,lid555,door333,left222,right1121
393,221001,green,red,IS05512,bin666,lid555,door333,left222,right1121
394,221001,green,red,IS05512,bin666,lid555,door333,left222,right1121
395,221001,green,red,IS05512,bin666,lid555,door333,left222,right1121
396,221001,green,red,IS05512,bin666,lid555,door333,left222,right1121
397,221001,green,red,IS05512,bin666,lid555,door333,left222,right1121
398,221001,green,red,IS05512,bin666,lid555,door333,left222,right1121
399,221001,green,red,IS05512,bin666,lid555,door333,left222,right1121
400,221001,green,red,IS05512,bin666,lid555,door333,left222,right1121
401,221001,green,red,IS05512,bin666,lid555,door333,left222,right1121
402,221001,green,red,IS05512,bin666,lid555,door333,left222,right1121
403,221001,green,red,IS05512,bin666,lid555,door333,left222,right1121
404,221001,green,red,IS05512,bin666,lid555,door333,left222,right1121
405,221001,green,red,IS05512,bin666,lid555,door333,left222,right1121
406,221001,green,red,IS05512,bin666,lid555,door333,left222,right1121
407,221001,green,red,IS05512,bin666,lid555,door333,left222,right1121
408,221001,green,red,IS05512,bin666,lid555,door333,left222,right1121
409,221001,green,red,IS05512,bin666,lid555,door333,left222,right1121
410,221001,green,red,IS05512,bin666,lid555,door333,left222,right1121
411,221001,green,red,IS05512,bin666,lid555,door333,left222,right1121
412,221001,green,red,IS05512,bin666,lid555,door333,left222,right1121
413,221001,green,red,IS05512,bin666,lid555,door333,left222,right1121
414,221001,green,red,IS05512,bin666,lid555,door333,left222,right1121
415,221001,green,red,IS05512,bin666,lid555,door333,left222,right1121
416,221001,green,red,IS05512,bin666,lid555,door333,left222,right1121
417,221001,green,red,IS05512,bin666,lid555,door333,left222,right1121
418,221001,green,red,IS05512,bin666,lid555,door333,left222,right1121
419,221001,green,red,IS05512,bin666,lid555,door333,left222,right1121
420,221001,green,red,IS05512,bin666,lid555,door333,left222,right1121
421,221001,green,red,IS05512,bin666,lid555,door333,left222,right1121
422,221001,green,red,IS05512,bin666,lid555,door333,left222,right1121
423,221001,green,red,IS05512,bin666,lid555,door333,left222,right1121
424,221001,green,red,IS05512,bin666,lid555,door333,left222,right1121
425,221001,green,red,IS05512,bin666,lid555,door333,left222,right1121
426,221001,green,red,IS05512,bin666,lid555,door333,left222,right1121
427,221001,green,red,IS05512,bin666,lid555,door333,left222,right1121
428,221001,green,red,IS05512,bin666,lid555,door333,left222,right1121
429,221001,green,red,IS05512,bin666,lid555,door333,left222,right1121
430,221001,green,red,IS05512,bin666,lid555,door333,left222,right1121
431,221001,green,red,IS05512,bin666,lid555,door333,left222,right1121
432,221001,green,red,IS05512,bin666,lid555,door333,left222,right1121
433,221001,green,red,IS05512,bin666,lid555,door333,left222,right1121
434,221001,green,red,IS05512,bin666,lid555,door333,left222,right1121
435,221001,green,red,IS05512,bin666,lid555,door333,left222,right1121
436,221001,green,red,IS05512,bin666,lid555,door333,left222,right1121
437,221001,green,red,IS05512,bin666,lid555,door333,left222,right1121
438,221001,green,red,IS05512,bin666,lid555,door333,left222,right1121
439,221001,green,red,IS05512,bin666,lid555,door333,left222,right1121
440,221001,green,red,IS05512,bin666,lid555,door333,left222,right1121
441,221001,green,red,IS05512,bin666,lid555,door333,left222,right1121
442,221001,green,red,IS05512,bin666,lid555,door333,left222,right1121
443,221001,green,red,IS05512,bin666,lid555,door333,left222,right1121
444,221001,green,red,IS05512,bin666,lid555,door333,left222,right1121
445,221001,green,red,IS05512,bin666,lid555,door333,left222,right1121
446,221001,green,red,IS05512,bin666,lid555,door333,left222,right1121
447,221001,green,red,IS05512,bin666,lid555,door333,left222,right1121
448,221001,green,red,IS05512,bin666,lid555,door333,left222,right1121
449,221001,green,red,IS05512,bin666,lid555,door333,left222,right1121
450,221001,green,red,IS05512,bin666,lid555,door333,left222,right1121
451,221001,green,red,IS05512,bin666,lid555,door333,left222,right1121
452,221001,green,red,IS05512,bin666,lid555,door333,left222,right1121
453,221001,green,red,IS05512,bin666,lid555,door333,left222,right1121
454,221001,green,red,IS05512,bin666,lid555,door333,left222,right1121
455,221001,green,red,IS05512,bin666,lid555,door333,left222,right1121
456,221001,green,red,IS05512,bin666,lid555,door333,left222,right1121
457,221001,green,red,IS05512,bin666,lid555,door333,left222,right1121
458,221001,green,red,IS05512,bin666,lid555,door333,left222,right1121
459,221001,green,red,IS05512,bin666,lid555,door333,left222,right1121
460,221001,green,red,IS05512,bin666,lid555,door333,left222,right1121
461,221001,green,red,IS05512,bin666,lid555,door333,left222,right1121
462,221001,green,red,IS05512,bin666,lid555,door333,left222,right1121
463,221001,green,red,IS05512,bin666,lid555,door333,left222,right1121
464,221001,green,red,IS05512,bin666,lid555,door333,left222,right1121
465,221001,green,red,IS05512,bin666,lid555,door333,left222,right1121
466,221001,green,red,IS05512,bin666,lid555,door333,left222,right1121
467,221001,green,red,IS05512,bin666,lid555,door333,left222,right1121
468,221001,green,red,IS05512,bin666,lid555,door333,left222,right1121
469,221001,green,red,IS05512,bin666,lid555,door333,left222,right1121
470,221001,green,red,IS05512,bin666,lid555,door333,left222,right1121
471,221001,green,red,IS05512,bin666,lid555,door333,left222,right1121
472,221001,green,red,IS05512,bin666,lid555,door333,left222,right1121
473,221001,green,red,IS05512,bin666,lid555,door333,left222,right1121
474,221001,green,red,IS05512,bin666,lid555,door333,left222,right1121
475,221001,green,red,IS05512,bin666,lid555,door333,left222,right1121
476,221001,green,red,IS05512,bin666,lid555,door333,left222,right1121
477,221001,green,red,IS05512,bin666,lid555,door333,left222,right1121
478,221001,green,red,IS05512,bin666,lid555,door333,left222,right1121
479,221001,green,red,IS05512,bin666,lid555,door333,left222,right1121
480,221001,green,red,IS05512,bin666,lid555,door333,left222,right1121
481,221001,green,red,IS05512,bin666,lid555,door333,left222,right1121
482,221001,green,red,IS05512,bin666,lid555,door333,left222,right1121
483,221001,green,red,IS05512,bin666,lid555,door333,left222,right1121
484,221001,green,red,IS05512,bin666,lid555,door333,left222,right1121
485,221001,green,red,IS05512,bin666,lid555,door333,left222,right1121
486,221001,green,red,IS05512,bin666,lid555,door333,left222,right1121
487,221001,green,red,IS05512,bin666,lid555,door333,left222,right1121
488,221001,green,red,IS05512,bin666,lid555,door333,left222,right1121
489,221001,green,red,IS05512,bin666,lid555,door333,left222,right1121
490,221001,green,red,IS05512,bin666,lid555,door333,left222,right1121
491,221001,green,red,IS05512,bin666,lid555,door333,left222,right1121
492,221001,green,red,IS05512,bin666,lid555,door333,left222,right1121
493,221001,green,red,IS05512,bin666,lid555,door333,left222,right1121
494,221001,green,red,IS05512,bin666,lid555,door333,left222,right1121
495,221001,green,red,IS05512,bin666,lid555,door333,left222,right1121
496,221001,green,red,IS05512,bin666,lid555,door333,left222,right1121
497,221001,green,red,IS05512,bin666,lid555,door333,left222,right1121
498,221001,green,red,IS05512,bin666,lid555,door333,left222,right1121
499,221001,green,red,IS05512,bin666,lid555,door333,left222,right1121
500,221001,green,red,IS05512,bin666,lid555,door333,left222,right1121
501,221001,green,red,IS05512,bin666,lid555,door333,left222,right1121
502,221001,green,red,IS05512,bin666,lid555,door333,left222,right1121
503,221001,green,red,IS05512,bin666,lid555,door333,left222,right1121
504,221001,green,red,IS05512,bin666,lid555,door333,left222,right1121
505,221001,green,red,IS05512,bin666,lid555,door333,left222,right1121
506,221001,green,red,IS05512,bin666,lid555,door333,left222,right1121
507,221001,green,red,IS05512,bin666,lid555,door333,left222,right1121
508,221001,green,red,IS05512,bin666,lid555,door333,left222,right1121
509,221001,green,red,IS05512,bin666,lid555,door333,left222,right1121
510,221001,green,red,IS05512,bin666,lid555,door333,left222,right1121
511,221001,green,red,IS05512,bin666,lid555,door333,left222,right1121
512,221001,green,red,IS05512,bin666,lid555,door333,left222,right1121
513,221001,green,red,IS05512,bin666,lid555,door333,left222,right1121
514,221001,green,red,IS05512,bin666,lid555,door333,left222,right1121
515,221001,green,red,IS05512,bin666,lid555,door333,left222,right1121
516,221001,green,red,IS05512,bin666,lid555,door333,left222,right1121
517,221001,green,red,IS05512,bin666,lid555,door333,left222,right1121
518,221001,green,red,IS05512,bin666,lid555,door333,left222,right1121
519,221001,green,red,IS05512,bin666,lid555,door333,left222,right1121
520,221001,green,red,IS05512,bin666,lid555,door333,left222,right1121
521,221001,green,red,IS05512,bin666,lid555,door333,left222,right1121
522,221001,green,red,IS05512,bin666,lid555,door333,left222,right1121
523,221001,green,red,IS05512,bin666,lid555,door333,left222,right1121
524,221001,green,red,IS05512,bin666,lid555,door333,left222,right1121
525,221001,green,red,IS05512,bin666,lid555,door333,left222,right1121
526,221001,green,red,IS05512,bin666,lid555,door333,left222,right1121
527,221001,green,red,IS05512,bin666,lid555,door333,left222,right1121
528,221001,green,red,IS05512,bin666,lid555,door333,left222,right1121
529,221001,green,red,IS05512,bin666,lid555,door333,left222,right1121
530,221001,green,red,IS05512,bin666,lid555,door333,left222,right1121
531,221001,green,red,IS05512,bin666,lid555,door333,left222,right1121
532,221001,green,red,IS05512,bin666,lid555,door333,left222,right1121
533,221001,green,red,IS05512,bin666,lid555,door333,left222,right1121
534,221001,green,red,IS05512,bin666,lid555,door333,left222,right1121
535,221001,green,red,IS05512,bin666,lid555,door333,left222,right1121
536,221001,green,red,IS05512,bin666,lid555,door333,left222,right1121
537,221001,green,red,IS05512,bin666,lid555,door333,left222,right1121
538,221001,green,red,IS05512,bin666,lid555,door333,left222,right1121
539,221001,green,red,IS05512,bin666,lid555,door333,left222,right1121
540,221001,green,red,IS05512,bin666,lid555,door333,left222,right1121
541,221001,green,red,IS05512,bin666,lid555,door333,left222,right1121
542,221001,green,red,IS05512,bin666,lid555,door333,left222,right1121
543,221001,green,red,IS05512,bin666,lid555,door333,left222,right1121
544,221001,green,red,IS05512,bin666,lid555,door333,left222,right1121
545,221001,green,red,IS05512,bin666,lid555,door333,left222,right1121
546,221001,green,red,IS05512,bin666,lid555,door333,left222,right1121
547,221001,green,red,IS05512,bin666,lid555,door333,left222,right1121
548,221001,green,red,IS05512,bin666,lid555,door333,left222,right1121
549,221001,green,red,IS05512,bin666,lid555,door333,left222,right1121
550,221001,green,red,IS05512,bin666,lid555,door333,left222,right1121
551,221001,green,red,IS05512,bin666,lid555,door333,left222,right1121
552,221001,green,red,IS05512,bin666,lid555,door333,left222,right1121
553,221001,green,red,IS05512,bin666,lid555,door333,left222,right1121
554,221001,green,red,IS05512,bin666,lid555,door333,left222,right1121
555,221001,green,red,IS05512,bin666,lid555,door333,left222,right1121
556,221001,green,red,IS05512,bin666,lid555,door333,left222,right1121
557,221001,green,red,IS05512,bin666,lid555,door333,left222,right1121
558,221001,green,red,IS05512,bin666,lid555,door333,left222,right1121
559,221001,green,red,IS05512,bin666,lid555,door333,left222,right1121
560,221001,green,red,IS05512,bin666,lid555,door333,left222,right1121
561,221001,green,red,IS05512,bin666,lid555,door333,left222,right1121
562,221001,green,red,IS05512,bin666,lid555,door333,left222,right1121
563,221001,green,red,IS05512,bin666,lid555,door333,left222,right1121
564,221001,green,red,IS05512,bin666,lid555,door333,left222,right1121
565,221001,green,red,IS05512,bin666,lid555,door333,left222,right1121
566,221001,green,red,IS05512,bin666,lid555,door333,left222,right1121
567,221001,green,red,IS05512,bin666,lid555,door333,left222,right1121
568,221001,green,red,IS05512,bin666,lid555,door333,left222,right1121
569,221001,green,red,IS05512,bin666,lid555,door333,left222,right1121
570,221001,green,red,IS05512,bin666,lid555,door333,left222,right1121
571,221001,green,red,IS05512,bin666,lid555,door333,left222,right1121
572,221001,green,red,IS05512,bin666,lid555,door333,left222,right1121
573,221001,green,red,IS05512,bin666,lid555,door333,left222,right1121
574,221001,green,red,IS05512,bin666,lid555,door333,left222,right1121
575,221001,green,red,IS05512,bin666,lid555,door333,left222,right1121
576,221001,green,red,IS05512,bin666,lid555,door333,left222,right1121
577,221001,green,red,IS05512,bin666,lid555,door333,left222,right1121
578,221001,green,red,IS05512,bin666,lid555,door333,left222,right1121
579,221001,green,red,IS05512,bin666,lid555,door333,left222,right1121
580,221001,green,red,IS05512,bin666,lid555,door333,left222,right1121
581,221001,green,red,IS05512,bin666,lid555,door333,left222,right1121
582,221001,green,red,IS05512,bin666,lid555,door333,left222,right1121
583,221001,green,red,IS05512,bin666,lid555,door333,left222,right1121
584,221001,green,red,IS05512,bin666,lid555,door333,left222,right1121
585,221001,green,red,IS05512,bin666,lid555,door333,left222,right1121
586,221001,green,red,IS05512,bin666,lid555,door333,left222,right1121
587,221001,green,red,IS05512,bin666,lid555,door333,left222,right1121
588,221001,green,red,IS05512,bin666,lid555,door333,left222,right1121
589,221001,green,red,IS05512,bin666,lid555,door333,left222,right1121
590,221001,green,red,IS05512,bin666,lid555,door333,left222,right1121
591,221001,green,red,IS05512,bin666,lid555,door333,left222,right1121
592,221001,green,red,IS05512,bin666,lid555,door333,left222,right1121
593,221001,green,red,IS05512,bin666,lid555,door333,left222,right1121
594,221001,green,red,IS05512,bin666,lid555,door333,left222,right1121
595,221001,green,red,IS05512,bin666,lid555,door333,left222,right1121
596,221001,green,red,IS05512,bin666,lid555,door333,left222,right1121
597,221001,green,red,IS05512,bin666,lid555,door333,left222,right1121
598,221001,green,red,IS05512,bin666,lid555,door333,left222,right1121
599,221001,green,red,IS05512,bin666,lid555,door333,left222,right1121
600,221001,green,red,IS05512,bin666,lid555,door333,left222,right1121
601,221001,green,red,IS05512,bin666,lid555,door333,left222,right1121
602,221001,green,red,IS05512,bin666,lid555,door333,left222,right1121
603,221001,green,red,IS05512,bin666,lid555,door333,left222,right1121
604,221001,green,red,IS05512,bin666,lid555,door333,left222,right1121
605,221001,green,red,IS05512,bin666,lid555,door333,left222,right1121
606,221001,green,red,IS05512,bin666,lid555,door333,left222,right1121
607,221001,green,red,IS05512,bin666,lid555,door333,left222,right1121
608,221001,green,red,IS05512,bin666,lid555,door333,left222,right1121
609,221001,green,red,IS05512,bin666,lid555,door333,left222,right1121
610,221001,green,red,IS05512,bin666,lid555,door333,left222,right1121
611,221001,green,red,IS05512,bin666,lid555,door333,left222,right1121
612,221001,green,red,IS05512,bin666,lid555,door333,left222,right1121
613,221001,green,red,IS05512,bin666,lid555,door333,left222,right1121
614,221001,green,red,IS05512,bin666,lid555,door333,left222,right1121
615,221001,green,red,IS05512,bin666,lid555,door333,left222,right1121
616,221001,green,red,IS05512,bin666,lid555,door333,left222,right1121
617,221001,green,red,IS05512,bin666,lid555,door333,left222,right1121
618,221001,green,red,IS05512,bin666,lid555,door333,left222,right1121
619,221001,green,red,IS05512,bin666,lid555,door333,left222,right1121
620,221001,green,red,IS05512,bin666,lid555,door333,left222,right1121
621,221001,green,red,IS05512,bin666,lid555,door333,left222,right1121
622,221001,green,red,IS05512,bin666,lid555,door333,left222,right1121
623,221001,green,red,IS05512,bin666,lid555,door333,left222,right1121
624,221001,green,red,IS05512,bin666,lid555,door333,left222,right1121
625,221001,green,red,IS05512,bin666,lid555,door333,left222,right1121
626,221001,green,red,IS05512,bin666,lid555,door333,left222,right1121
627,221001,green,red,IS05512,bin666,lid555,door333,left222,right1121
628,221001,green,red,IS05512,bin666,lid555,door333,left222,right1121
629,221001,green,red,IS05512,bin666,lid555,door333,left222,right1121
630,221001,green,red,IS05512,bin666,lid555,door333,left222,right1121
631,221001,green,red,IS05512,bin666,lid555,door333,left222,right1121
632,221001,green,red,IS05512,bin666,lid555,door333,left222,right1121
633,221001,green,red,IS05512,bin666,lid555,door333,left222,right1121
634,221001,green,red,IS05512,bin666,lid555,door333,left222,right1121
635,221001,green,red,IS05512,bin666,lid555,door333,left222,right1121
636,221001,green,red,IS05512,bin666,lid555,door333,left222,right1121
637,221001,green,red,IS05512,bin666,lid555,door333,left222,right1121
638,221001,green,red,IS05512,bin666,lid555,door333,left222,right1121
639,221001,green,red,IS05512,bin666,lid555,door333,left222,right1121
640,221001,green,red,IS05512,bin666,lid555,door333,left222,right1121
641,221001,green,red,IS05512,bin666,lid555,door333,left222,right1121
642,221001,green,red,IS05512,bin666,lid555,door333,left222,right1121
643,221001,green,red,IS05512,bin666,lid555,door333,left222,right1121
644,221001,green,red,IS05512,bin666,lid555,door333,left222,right1121
645,221001,green,red,IS05512,bin666,lid555,door333,left222,right1121
646,221001,green,red,IS05512,bin666,lid555,door333,left222,right1121
647,221001,green,red,IS05512,bin666,lid555,door333,left222,right1121
648,221001,green,red,IS05512,bin666,lid555,door333,left222,right1121
649,221001,green,red,IS05512,bin666,lid555,door333,left222,right1121
650,221001,green,red,IS05512,bin666,lid555,door333,left222,right1121
651,221001,green,red,IS05512,bin666,lid555,door333,left222,right1121
652,221001,green,red,IS05512,bin666,lid555,door333,left222,right1121
653,221001,green,red,IS05512,bin666,lid555,door333,left222,right1121
654,221001,green,red,IS05512,bin666,lid555,door333,left222,right1121
655,221001,green,red,IS05512,bin666,lid555,door333,left222,right1121
656,221001,green,red,IS05512,bin666,lid555,door333,left222,right1121
657,221001,green,red,IS05512,bin666,lid555,door333,left222,right1121
658,221001,green,red,IS05512,bin666,lid555,door333,left222,right1121
659,221001,green,red,IS05512,bin666,lid555,door333,left222,right1121
660,221001,green,red,IS05512,bin666,lid555,door333,left222,right1121
661,221001,green,red,IS05512,bin666,lid555,door333,left222,right1121
662,221001,green,red,IS05512,bin666,lid555,door333,left222,right1121
663,221001,green,red,IS05512,bin666,lid555,door333,left222,right1121
664,221001,green,red,IS05512,bin666,lid555,door333,left222,right1121
665,221001,green,red,IS05512,bin666,lid555,door333,left222,right1121
666,221001,green,red,IS05512,bin666,lid555,door333,left222,right1121
667,221001,green,red,IS05512,bin666,lid555,door333,left222,right1121
668,221001,green,red,IS05512,bin666,lid555,door333,left222,right1121
669,221001,green,red,IS05512,bin666,lid555,door333,left222,right1121
670,221001,green,red,IS05512,bin666,lid555,door333,left222,right1121
671,221001,green,red,IS05512,bin666,lid555,door333,left222,right1121
672,221001,green,red,IS05512,bin666,lid555,door333,left222,right1121
673,221001,green,red,IS05512,bin666,lid555,door333,left222,right1121
674,221001,green,red,IS05512,bin666,lid555,door333,left222,right1121
675,221001,green,red,IS05512,bin666,lid555,door333,left222,right1121
676,221001,green,red,IS05512,bin666,lid555,door333,left222,right1121
677,221001,green,red,IS05512,bin666,lid555,door333,left222,right1121
678,221001,green,red,IS05512,bin666,lid555,door333,left222,right1121
679,221001,green,red,IS05512,bin666,lid555,door333,left222,right1121
680,221001,green,red,IS05512,bin666,lid555,door333,left222,right1121
681,221001,green,red,IS05512,bin666,lid555,door333,left222,right1121
682,221001,green,red,IS05512,bin666,lid555,door333,left222,right1121
683,221001,green,red,IS05512,bin666,lid555,door333,left222,right1121
684,221001,green,red,IS05512,bin666,lid555,door333,left222,right1121
685,221001,green,red,IS05512,bin666,lid555,door333,left222,right1121
686,221001,green,red,IS05512,bin666,lid555,door333,left222,right1121
687,221001,green,red,IS05512,bin666,lid555,door333,left222,right1121
688,221001,green,red,IS05512,bin666,lid555,door333,left222,right1121
689,221001,green,red,IS05512,bin666,lid555,door333,left222,right1121
690,221001,green,red,IS05512,bin666,lid555,door333,left222,right1121
691,221001,green,red,IS05512,bin666,lid555,door333,left222,right1121
692,221001,green,red,IS05512,bin666,lid555,door333,left222,right1121
693,221001,green,red,IS05512,bin666,lid555,door333,left222,right1121
694,221001,green,red,IS05512,bin666,lid555,door333,left222,right1121
695,221001,green,red,IS05512,bin666,lid555,door333,left222,right1121
696,221001,green,red,IS05512,bin666,lid555,door333,left222,right1121
697,221001,green,red,IS05512,bin666,lid555,door333,left222,right1121
698,221001,green,red,IS05512,bin666,lid555,door333,left222,right1121
699,221001,green,red,IS05512,bin666,lid555,door333,left222,right1121
700,221001,green,red,IS05512,bin666,lid555,door333,left222,right1121
701,221001,green,red,IS05512,bin666,lid555,door333,left222,right1121
702,221001,green,red,IS05512,bin666,lid555,door333,left222,right1121
703,221001,green,red,IS05512,bin666,lid555,door333,left222,right1121
704,221001,green,red,IS05512,bin666,lid555,door333,left222,right1121
705,221001,green,red,IS05512,bin666,lid555,door333,left222,right1121
706,221001,green,red,IS05512,bin666,lid555,door333,left222,right1121
707,221001,green,red,IS05512,bin666,lid555,door333,left222,right1121
708,221001,green,red,IS05512,bin666,lid555,door333,left222,right1121
709,221001,green,red,IS05512,bin666,lid555,door333,left222,right1121
710,221001,green,red,IS05512,bin666,lid555,door333,left222,right1121
711,221001,green,red,IS05512,bin666,lid555,door333,left222,right1121
712,221001,green,red,IS05512,bin666,lid555,door333,left222,right1121
713,221001,green,red,IS05512,bin666,lid555,door333,left222,right1121
714,221001,green,red,IS05512,bin666,lid555,door333,left222,right1121
715,221001,green,red,IS05512,bin666,lid555,door333,left222,right1121
716,221001,green,red,IS05512,bin666,lid555,door333,left222,right1121
717,221001,green,red,IS05512,bin666,lid555,door333,left222,right1121
718,221001,green,red,IS05512,bin666,lid555,door333,left222,right1121
719,221001,green,red,IS05512,bin666,lid555,door333,left222,right1121
720,221001,green,red,IS05512,bin666,lid555,door333,left222,right1121
721,221001,green,red,IS05512,bin666,lid555,door333,left222,right1121
722,221001,green,red,IS05512,bin666,lid555,door333,left222,right1121
723,221001,green,red,IS05512,bin666,lid555,door333,left222,right1121
724,221001,green,red,IS05512,bin666,lid555,door333,left222,right1121
725,221001,green,red,IS05512,bin666,lid555,door333,left222,right1121
726,221001,green,red,IS05512,bin666,lid555,door333,left222,right1121
727,221001,green,red,IS05512,bin666,lid555,door333,left222,right1121
728,221001,green,red,IS05512,bin666,lid555,door333,left222,right1121
729,221001,green,red,IS05512,bin666,lid555,door333,left222,right1121
730,221001,green,red,IS05512,bin666,lid555,door333,left222,right1121
731,221001,green,red,IS05512,bin666,lid555,door333,left222,right1121
732,221001,green,red,IS05512,bin666,lid555,door333,left222,right1121
733,221001,green,red,IS05512,bin666,lid555,door333,left222,right1121
734,221001,green,red,IS05512,bin666,lid555,door333,left222,right1121
735,221001,green,red,IS05512,bin666,lid555,door333,left222,right1121
736,221001,green,red,IS05512,bin666,lid555,door333,left222,right1121
737,221001,green,red,IS05512,bin666,lid555,door333,left222,right1121
738,221001,green,red,IS05512,bin666,lid555,door333,left222,right1121
739,221001,green,red,IS05512,bin666,lid555,door333,left222,right1121
740,221001,green,red,IS05512,bin666,lid555,door333,left222,right1121
741,221001,green,red,IS05512,bin666,lid555,door333,left222,right1121
742,221001,green,red,IS05512,bin666,lid555,door333,left222,right1121
743,221001,green,red,IS05512,bin666,lid555,door333,left222,right1121
744,221001,green,red,IS05512,bin666,lid555,door333,left222,right1121
745,221001,green,red,IS05512,bin666,lid555,door333,left222,right1121
746,221001,green,red,IS05512,bin666,lid555,door333,left222,right1121
747,221001,green,red,IS05512,bin666,lid555,door333,left222,right1121
748,221001,green,red,IS05512,bin666,lid555,door333,left222,right1121
749,221001,green,red,IS05512,bin666,lid555,door333,left222,right1121
750,221001,green,red,IS05512,bin666,lid555,door333,left222,right1121
751,221001,green,red,IS05512,bin666,lid555,door333,left222,right1121
752,221001,green,red,IS05512,bin666,lid555,door333,left222,right1121
753,221001,green,red,IS05512,bin666,lid555,door333,left222,right1121
754,221001,green,red,IS05512,bin666,lid555,door333,left222,right1121
755,221001,green,red,IS05512,bin666,lid555,door333,left222,right1121
756,221001,green,red,IS05512,bin666,lid555,door333,left222,right1121
757,221001,green,red,IS05512,bin666,lid555,door333,left222,right1121
758,221001,green,red,IS05512,bin666,lid555,door333,left222,right1121
759,221001,green,red,IS05512,bin666,lid555,door333,left222,right1121
760,221001,green,red,IS05512,bin666,lid555,door333,left222,right1121
761,221001,green,red,IS05512,bin666,lid555,door333,left222,right1121
762,221001,green,red,IS05512,bin666,lid555,door333,left222,right1121
763,221001,green,red,IS05512,bin666,lid555,door333,left222,right1121
764,221001,green,red,IS05512,bin666,lid555,door333,left222,right1121
765,221001,green,red,IS05512,bin666,lid555,door333,left222,right1121
766,221001,green,red,IS05512,bin666,lid555,door333,left222,right1121
767,221001,green,red,IS05512,bin666,lid555,door333,left222,right1121
768,221001,green,red,IS05512,bin666,lid555,door333,left222,right1121
769,221001,green,red,IS05512,bin666,lid555,door333,left222,right1121
770,221001,green,red,IS05512,bin666,lid555,door333,left222,right1121
771,221001,green,red,IS05512,bin666,lid555,door333,left222,right1121
772,221001,green,red,IS05512,bin666,lid555,door333,left222,right1121
773,221001,green,red,IS05512,bin666,lid555,door333,left222,right1121
774,221001,green,red,IS05512,bin666,lid555,door333,left222,right1121
775,221001,green,red,IS05512,bin666,lid555,door333,left222,right1121
776,221001,green,red,IS05512,bin666,lid555,door333,left222,right1121
777,221001,green,red,IS05512,bin666,lid555,door333,left222,right1121
778,221001,green,red,IS05512,bin666,lid555,door333,left222,right1121
779,221001,green,red,IS05512,bin666,lid555,door333,left222,right1121
780,221001,green,red,IS05512,bin666,lid555,door333,left222,right1121
781,221001,green,red,IS05512,bin666,lid555,door333,left222,right1121
782,221001,green,red,IS05512,bin666,lid555,door333,left222,right1121
783,221001,green,red,IS05512,bin666,lid555,door333,left222,right1121
784,221001,green,red,IS05512,bin666,lid555,door333,left222,right1121
785,221001,green,red,IS05512,bin666,lid555,door333,left222,right1121
786,221001,green,red,IS05512,bin666,lid555,door333,left222,right1121
787,221001,green,red,IS05512,bin666,lid555,door333,left222,right1121
788,221001,green,red,IS05512,bin666,lid555,door333,left222,right1121
789,221001,green,red,IS05512,bin666,lid555,door333,left222,right1121
790,221001,green,red,IS05512,bin666,lid555,door333,left222,right1121
791,221001,green,red,IS05512,bin666,lid555,door333,left222,right1121
792,221001,green,red,IS05512,bin666,lid555,door333,left222,right1121
793,221001,green,red,IS05512,bin666,lid555,door333,left222,right1121
794,221001,green,red,IS05512,bin666,lid555,door333,left222,right1121
795,221001,green,red,IS05512,bin666,lid555,door333,left222,right1121
796,221001,green,red,IS05512,bin666,lid555,door333,left222,right1121
797,221001,green,red,IS05512,bin666,lid555,door333,left222,right1121
798,221001,green,red,IS05512,bin666,lid555,door333,left222,right1121
799,221001,green,red,IS05512,bin666,lid555,door333,left222,right1121
800,221001,green,red,IS05512,bin666,lid555,door333,left222,right1121
801,221001,green,red,IS05512,bin666,lid555,door333,left222,right1121
802,221001,green,red,IS05512,bin666,lid555,door333,left222,right1121
803,221001,green,red,IS05512,bin666,lid555,door333,left222,right1121
804,221001,green,red,IS05512,bin666,lid555,door333,left222,right1121
805,221001,green,red,IS05512,bin666,lid555,door333,left222,right1121
806,221001,green,red,IS05512,bin666,lid555,door333,left222,right1121
807,221001,green,red,IS05512,bin666,lid555,door333,left222,right1121
808,221001,green,red,IS05512,bin666,lid555,door333,left222,right1121
809,221001,green,red,IS05512,bin666,lid555,door333,left222,right1121
810,221001,green,red,IS05512,bin666,lid555,door333,left222,right1121
811,221001,green,red,IS05512,bin666,lid555,door333,left222,right1121
812,221001,green,red,IS05512,bin666,lid555,door333,left222,right1121
813,221001,green,red,IS05512,bin666,lid555,door333,left222,right1121
814,221001,green,red,IS05512,bin666,lid555,door333,left222,right1121
815,221001,green,red,IS05512,bin666,lid555,door333,left222,right1121
816,221001,green,red,IS05512,bin666,lid555,door333,left222,right1121
817,221001,green,red,IS05512,bin666,lid555,door333,left222,right1121
818,221001,green,red,IS05512,bin666,lid555,door333,left222,right1121
819,221001,green,red,IS05512,bin666,lid555,door333,left222,right1121
820,221001,green,red,IS05512,bin666,lid555,door333,left222,right1121
821,221001,green,red,IS05512,bin666,lid555,door333,left222,right1121
822,221001,green,red,IS05512,bin666,lid555,door333,left222,right1121
823,221001,green,red,IS05512,bin666,lid555,door333,left222,right1121
824,221001,green,red,IS05512,bin666,lid555,door333,left222,right1121
825,221001,green,red,IS05512,bin666,lid555,door333,left222,right1121
826,221001,green,red,IS05512,bin666,lid555,door333,left222,right1121
827,221001,green,red,IS05512,bin666,lid555,door333,left222,right1121
828,221001,green,red,IS05512,bin666,lid555,door333,left222,right1121
829,221001,green,red,IS05512,bin666,lid555,door333,left222,right1121
830,221001,green,red,IS05512,bin666,lid555,door333,left222,right1121
831,221001,green,red,IS05512,bin666,lid555,door333,left222,right1121
832,221001,green,red,IS05512,bin666,lid555,door333,left222,right1121
833,221001,green,red,IS05512,bin666,lid555,door333,left222,right1121
834,221001,green,red,IS05512,bin666,lid555,door333,left222,right1121
835,221001,green,red,IS05512,bin666,lid555,door333,left222,right1121
836,221001,green,red,IS05512,bin666,lid555,door333,left222,right1121
837,221001,green,red,IS05512,bin666,lid555,door333,left222,right1121
838,221001,green,red,IS05512,bin666,lid555,door333,left222,right1121
839,221001,green,red,IS05512,bin666,lid555,door333,left222,right1121
840,221001,green,red,IS05512,bin666,lid555,door333,left222,right1121
841,221001,green,red,IS05512,bin666,lid555,door333,left222,right1121
842,221001,green,red,IS05512,bin666,lid555,door333,left222,right1121
843,221001,green,red,IS05512,bin666,lid555,door333,left222,right1121
844,221001,green,red,IS05512,bin666,lid555,door333,left222,right1121
845,221001,green,red,IS05512,bin666,lid555,door333,left222,right1121
846,221001,green,red,IS05512,bin666,lid555,door333,left222,right1121
847,221001,green,red,IS05512,bin666,lid555,door333,left222,right1121
848,221001,green,red,IS05512,bin666,lid555,door333,left222,right1121
849,221001,green,red,IS05512,bin666,lid555,door333,left222,right1121
850,221001,green,red,IS05512,bin666,lid555,door333,left222,right1121
851,221001,green,red,IS05512,bin666,lid555,door333,left222,right1121
852,221001,green,red,IS05512,bin666,lid555,door333,left222,right1121
853,221001,green,red,IS05512,bin666,lid555,door333,left222,right1121
854,221001,green,red,IS05512,bin666,lid555,door333,left222,right1121
855,221001,green,red,IS05512,bin666,lid555,door333,left222,right1121
856,221001,green,red,IS05512,bin666,lid555,door333,left222,right1121
857,221001,green,red,IS05512,bin666,lid555,door333,left222,right1121
858,221001,green,red,IS05512,bin666,lid555,door333,left222,right1121
859,221001,green,red,IS05512,bin666,lid555,door333,left222,right1121
860,221001,green,red,IS05512,bin666,lid555,door333,left222,right1121
861,221001,green,red,IS05512,bin666,lid555,door333,left222,right1121
862,221001,green,red,IS05512,bin666,lid555,door333,left222,right1121
863,221001,green,red,IS05512,bin666,lid555,door333,left222,right1121
864,221001,green,red,IS05512,bin666,lid555,door333,left222,right1121
865,221001,green,red,IS05512,bin666,lid555,door333,left222,right1121
866,221001,green,red,IS05512,bin666,lid555,door333,left222,right1121
867,221001,green,red,IS05512,bin666,lid555,door333,left222,right1121
868,221001,green,red,IS05512,bin666,lid555,door333,left222,right1121
869,221001,green,red,IS05512,bin666,lid555,door333,left222,right1121
870,221001,green,red,IS05512,bin666,lid555,door333,left222,right1121
871,221001,green,red,IS05512,bin666,lid555,door333,left222,right1121
872,221001,green,red,IS05512,bin666,lid555,door333,left222,right1121
873,221001,green,red,IS05512,bin666,lid555,door333,left222,right1121
874,221001,green,red,IS05512,bin666,lid555,door333,left222,right1121
875,221001,green,red,IS05512,bin666,lid555,door333,left222,right1121
876,221001,green,red,IS05512,bin666,lid555,door333,left222,right1121
877,221001,green,red,IS05512,bin666,lid555,door333,left222,right1121
878,221001,green,red,IS05512,bin666,lid555,door333,left222,right1121
879,221001,green,red,IS05512,bin666,lid555,door333,left222,right1121
880,221001,green,red,IS05512,bin666,lid555,door333,left222,right1121
881,221001,green,red,IS05512,bin666,lid555,door333,left222,right1121
882,221001,green,red,IS05512,bin666,lid555,door333,left222,right1121
883,221001,green,red,IS05512,bin666,lid555,door333,left222,right1121
884,221001,green,red,IS05512,bin666,lid555,door333,left222,right1121
885,221001,green,red,IS05512,bin666,lid555,door333,left222,right1121
886,221001,green,red,IS05512,bin666,lid555,door333,left222,right1121
887,221001,green,red,IS05512,bin666,lid555,door333,left222,right1121
888,221001,green,red,IS05512,bin666,lid555,door333,left222,right1121
889,221001,green,red,IS05512,bin666,lid555,door333,left222,right1121
890,221001,green,red,IS05512,bin666,lid555,door333,left222,right1121
891,221001,green,red,IS05512,bin666,lid555,door333,left222,right1121
892,221001,green,red,IS05512,bin666,lid555,door333,left222,right1121
893,221001,green,red,IS05512,bin666,lid555,door333,left222,right1121
894,221001,green,red,IS05512,bin666,lid555,door333,left222,right1121
895,221001,green,red,IS05512,bin666,lid555,door333,left222,right1121
896,221001,green,red,IS05512,bin666,lid555,door333,left222,right1121
897,221001,green,red,IS05512,bin666,lid555,door333,left222,right1121
898,221001,green,red,IS05512,bin666,lid555,door333,left222,right1121
899,221001,green,red,IS05512,bin666,lid555,door333,left222,right1121
900,221001,green,red,IS05512,bin666,lid555,door333,left222,right1121
901,221001,green,red,IS05512,bin666,lid555,door333,left222,right1121
902,221001,green,red,IS05512,bin666,lid555,door333,left222,right1121
903,221001,green,red,IS05512,bin666,lid555,door333,left222,right1121
904,221001,green,red,IS05512,bin666,lid555,door333,left222,right1121
905,221001,green,red,IS05512,bin666,lid555,door333,left222,right1121
906,221001,green,red,IS05512,bin666,lid555,door333,left222,right1121
907,221001,green,red,IS05512,bin666,lid555,door333,left222,right1121
908,221001,green,red,IS05512,bin666,lid555,door333,left222,right1121
909,221001,green,red,IS05512,bin666,lid555,door333,left222,right1121
910,221001,green,red,IS05512,bin666,lid555,door333,left222,right1121
911,221001,green,red,IS05512,bin666,lid555,door333,left222,right1121
912,221001,green,red,IS05512,bin666,lid555,door333,left222,right1121
913,221001,green,red,IS05512,bin666,lid555,door333,left222,right1121
914,221001,green,red,IS05512,bin666,lid555,door333,left222,right1121
915,221001,green,red,IS05512,bin666,lid555,door333,left222,right1121
916,221001,green,red,IS05512,bin666,lid555,door333,left222,right1121
917,221001,green,red,IS05512,bin666,lid555,door333,left222,right1121
918,221001,green,red,IS05512,bin666,lid555,door333,left222,right1121
919,221001,green,red,IS05512,bin666,lid555,door333,left222,right1121
920,221001,green,red,IS05512,bin666,lid555,door333,left222,right1121
921,221001,green,red,IS05512,bin666,lid555,door333,left222,right1121
922,221001,green,red,IS05512,bin666,lid555,door333,left222,right1121
923,221001,green,red,IS05512,bin666,lid555,door333,left222,right1121
924,221001,green,red,IS05512,bin666,lid555,door333,left222,right1121
925,221001,green,red,IS05512,bin666,lid555,door333,left222,right1121
926,221001,green,red,IS05512,bin666,lid555,door333,left222,right1121
927,221001,green,red,IS05512,bin666,lid555,door333,left222,right1121
928,221001,green,red,IS05512,bin666,lid555,door333,left222,right1121
929,221001,green,red,IS05512,bin666,lid555,door333,left222,right1121
930,221001,green,red,IS05512,bin666,lid555,door333,left222,right1121
931,221001,green,red,IS05512,bin666,lid555,door333,left222,right1121
932,221001,green,red,IS05512,bin666,lid555,door333,left222,right1121
933,221001,green,red,IS05512,bin666,lid555,door333,left222,right1121
934,221001,green,red,IS05512,bin666,lid555,door333,left222,right1121
935,221001,green,red,IS05512,bin666,lid555,door333,left222,right1121
936,221001,green,red,IS05512,bin666,lid555,door333,left222,right1121
937,221001,green,red,IS05512,bin666,lid555,door333,left222,right1121
938,221001,green,red,IS05512,bin666,lid555,door333,left222,right1121
939,221001,green,red,IS05512,bin666,lid555,door333,left222,right1121
940,221001,green,red,IS05512,bin666,lid555,door333,left222,right1121
941,221001,green,red,IS05512,bin666,lid555,door333,left222,right1121
942,221001,green,red,IS05512,bin666,lid555,door333,left222,right1121
943,221001,green,red,IS05512,bin666,lid555,door333,left222,right1121
944,221001,green,red,IS05512,bin666,lid555,door333,left222,right1121
945,221001,green,red,IS05512,bin666,lid555,door333,left222,right1121
946,221001,green,red,IS05512,bin666,lid555,door333,left222,right1121
947,221001,green,red,IS05512,bin666,lid555,door333,left222,right1121
948,221001,green,red,IS05512,bin666,lid555,door333,left222,right1121
949,221001,green,red,IS05512,bin666,lid555,door333,left222,right1121
950,221001,green,red,IS05512,bin666,lid555,door333,left222,right1121
951,221001,green,red,IS05512,bin666,lid555,door333,left222,right1121
952,221001,green,red,IS05512,bin666,lid555,door333,left222,right1121
953,221001,green,red,IS05512,bin666,lid555,door333,left222,right1121
954,221001,green,red,IS05512,bin666,lid555,door333,left222,right1121
955,221001,green,red,IS05512,bin666,lid555,door333,left222,right1121
956,221001,green,red,IS05512,bin666,lid555,door333,left222,right1121
957,221001,green,red,IS05512,bin666,lid555,door333,left222,right1121
958,221001,green,red,IS05512,bin666,lid555,door333,left222,right1121
959,221001,green,red,IS05512,bin666,lid555,door333,left222,right1121
960,221001,green,red,IS05512,bin666,lid555,door333,left222,right1121
961,221001,green,red,IS05512,bin666,lid555,door333,left222,right1121
962,221001,green,red,IS05512,bin666,lid555,door333,left222,right1121
963,221001,green,red,IS05512,bin666,lid555,door333,left222,right1121
964,221001,green,red,IS05512,bin666,lid555,door333,left222,right1121
965,221001,green,red,IS05512,bin666,lid555,door333,left222,right1121
966,221001,green,red,IS05512,bin666,lid555,door333,left222,right1121
967,221001,green,red,IS05512,bin666,lid555,door333,left222,right1121
968,221001,green,red,IS05512,bin666,lid555,door333,left222,right1121
969,221001,green,red,IS05512,bin666,lid555,door333,left222,right1121
970,221001,green,red,IS05512,bin666,lid555,door333,left222,right1121
971,221001,green,red,IS05512,bin666,lid555,door333,left222,right1121
972,221001,green,red,IS05512,bin666,lid555,door333,left222,right1121
973,221001,green,red,IS05512,bin666,lid555,door333,left222,right1121
974,221001,green,red,IS05512,bin666,lid555,door333,left222,right1121
975,221001,green,red,IS05512,bin666,lid555,door333,left222,right1121
976,221001,green,red,IS05512,bin666,lid555,door333,left222,right1121
977,221001,green,red,IS05512,bin666,lid555,door333,left222,right1121
978,221001,green,red,IS05512,bin666,lid555,door333,left222,right1121
979,221001,green,red,IS05512,bin666,lid555,door333,left222,right1121
980,221001,green,red,IS05512,bin666,lid555,door333,left222,right1121
981,221001,green,red,IS05512,bin666,lid555,door333,left222,right1121
982,221001,green,red,IS05512,bin666,lid555,door333,left222,right1121
983,221001,green,red,IS05512,bin666,lid555,door333,left222,right1121
984,221001,green,red,IS05512,bin666,lid555,door333,left222,right1121
985,221001,green,red,IS05512,bin666,lid555,door333,left222,right1121
986,221001,green,red,IS05512,bin666,lid555,door333,left222,right1121
987,221001,green,red,IS05512,bin666,lid555,door333,left222,right1121
988,221001,green,red,IS05512,bin666,lid555,door333,left222,right1121
989,221001,green,red,IS05512,bin666,lid555,door333,left222,right1121
990,221001,green,red,IS05512,bin666,lid555,door333,left222,right1121
991,221001,green,red,IS05512,bin666,lid555,door333,left222,right1121
992,221001,green,red,IS05512,bin666,lid555,door333,left222,right1121
993,221001,green,red,IS05512,bin666,lid555,door333,left222,right1121
994,221001,green,red,IS05512,bin666,lid555,door333,left222,right1121
995,221001,green,red,IS05512,bin666,lid555,door333,left222,right1121
996,221001,green,red,IS05512,bin666,lid555,door333,left222,right1121
997,221001,green,red,IS05512,bin666,lid555,door333,left222,right1121
998,221001,green,red,IS05512,bin666,lid555,door333,left222,right1121
999,221001,green,red,IS05512,bin666,lid555,door333,left222,right1121
1000,221001,green,red,IS05512,bin666,lid555,door333,left222,right1121
1001,221001,green,red,IS05512,bin666,lid555,door333,left222,right1121
1002,221001,green,red,IS05512,bin666,lid555,door333,left222,right1121
1003,221001,green,red,IS05512,bin666,lid555,door333,left222,right1121
1004,221001,green,red,IS05512,bin666,lid555,door333,left222,right1121
1005,221001,green,red,IS05512,bin666,lid555,door333,left222,right1121
1006,221001,green,red,IS05512,bin666,lid555,door333,left222,right1121
1007,221001,green,red,IS05512,bin666,lid555,door333,left222,right1121
1008,221001,green,red,IS05512,bin666,lid555,door333,left222,right1121
1009,221001,green,red,IS05512,bin666,lid555,door333,left222,right1121
1010,221001,green,red,IS05512,bin666,lid555,door333,left222,right1121
1011,221001,green,red,IS05512,bin666,lid555,door333,left222,right1121
1012,221001,green,red,IS05512,bin666,lid555,door333,left222,right1121
1013,221001,green,red,IS05512,bin666,lid555,door333,left222,right1121
1014,221001,green,red,IS05512,bin666,lid555,door333,left222,right1121
1015,221001,green,red,IS05512,bin666,lid555,door333,left222,right1121
1016,221001,green,red,IS05512,bin666,lid555,door333,left222,right1121
1017,221001,green,red,IS05512,bin666,lid555,door333,left222,right1121
1018,221001,green,red,IS05512,bin666,lid555,door333,left222,right1121
1019,221001,green,red,IS05512,bin666,lid555,door333,left222,right1121
1020,221001,green,red,IS05512,bin666,lid555,door333,left222,right1121
1021,221001,green,red,IS05512,bin666,lid555,door333,left222,right1121
1022,221001,green,red,IS05512,bin666,lid555,door333,left222,right1121
1023,221001,green,red,IS05512,bin666,lid555,door333,left222,right1121
1024,221001,green,red,IS05512,bin666,lid555,door333,left222,right1121
1025,221001,green,red,IS05512,bin666,lid555,door333,left222,right1121
1026,221001,green,red,IS05512,bin666,lid555,door333,left222,right1121
1027,221001,green,red,IS05512,bin666,lid555,door333,left222,right1121
1028,221001,green,red,IS05512,bin666,lid555,door333,left222,right1121
1029,221001,green,red,IS05512,bin666,lid555,door333,left222,right1121
1030,221001,green,red,IS05512,bin666,lid555,door333,left222,right1121
1031,221001,green,red,IS05512,bin666,lid555,door333,left222,right1121
1032,221001,green,red,IS05512,bin666,lid555,door333,left222,right1121
1033,221001,green,red,IS05512,bin666,lid555,door333,left222,right1121
1034,221001,green,red,IS05512,bin666,lid555,door333,left222,right1121
1035,221001,green,red,IS05512,bin666,lid555,door333,left222,right1121
1036,221001,green,red,IS05512,bin666,lid555,door333,left222,right1121
1037,221001,green,red,IS05512,bin666,lid555,door333,left222,right1121
1038,221001,green,red,IS05512,bin666,lid555,door333,left222,right1121
1039,221001,green,red,IS05512,bin666,lid555,door333,left222,right1121
1040,221001,green,red,IS05512,bin666,lid555,door333,left222,right1121
1041,221001,green,red,IS05512,bin666,lid555,door333,left222,right1121
1042,221001,green,red,IS05512,bin666,lid555,door333,left222,right1121
1043,221001,green,red,IS05512,bin666,lid555,door333,left222,right1121
1044,221001,green,red,IS05512,bin666,lid555,door333,left222,right1121
1045,221001,green,red,IS05512,bin666,lid555,door333,left222,right1121
1046,221001,green,red,IS05512,bin666,lid555,door333,left222,right1121
1047,221001,green,red,IS05512,bin666,lid555,door333,left222,right1121
1048,221001,green,red,IS05512,bin666,lid555,door333,left222,right1121
1049,221001,green,red,IS05512,bin666,lid555,door333,left222,right1121
1050,221001,green,red,IS05512,bin666,lid555,door333,left222,right1121
1051,221001,green,red,IS05512,bin666,lid555,door333,left222,right1121
1052,221001,green,red,IS05512,bin666,lid555,door333,left222,right1121
1053,221001,green,red,IS05512,bin666,lid555,door333,left222,right1121
1054,221001,green,red,IS05512,bin666,lid555,door333,left222,right1121
1055,221001,green,red,IS05512,bin666,lid555,door333,left222,right1121
1056,221001,green,red,IS05512,bin666,lid555,door333,left222,right1121
1057,221001,green,red,IS05512,bin666,lid555,door333,left222,right1121
1058,221001,green,red,IS05512,bin666,lid555,door333,left222,right1121
1059,221001,green,red,IS05512,bin666,lid555,door333,left222,right1121
1060,221001,green,red,IS05512,bin666,lid555,door333,left222,right1121
1061,221001,green,red,IS05512,bin666,lid555,door333,left222,right1121
1062,221001,green,red,IS05512,bin666,lid555,door333,left222,right1121
1063,221001,green,red,IS05512,bin666,lid555,door333,left222,right1121
1064,221001,green,red,IS05512,bin666,lid555,door333,left222,right1121
1065,221001,green,red,IS05512,bin666,lid555,door333,left222,right1121
1066,221001,green,red,IS05512,bin666,lid555,door333,left222,right1121
1067,221001,green,red,IS05512,bin666,lid555,door333,left222,right1121
1068,221001,green,red,IS05512,bin666,lid555,door333,left222,right1121
1069,221001,green,red,IS05512,bin666,lid555,door333,left222,right1121
1070,221001,green,red,IS05512,bin666,lid555,door333,left222,right1121
1071,221001,green,red,IS05512,bin666,lid555,door333,left222,right1121
1072,221001,green,red,IS05512,bin666,lid555,door333,left222,right1121
1073,221001,green,red,IS05512,bin666,lid555,door333,left222,right1121
1074,221001,green,red,IS05512,bin666,lid555,door333,left222,right1121
1075,221001,green,red,IS05512,bin666,lid555,door333,left222,right1121
1076,221001,green,red,IS05512,bin666,lid555,door333,left222,right1121
1077,221001,green,red,IS05512,bin666,lid555,door333,left222,right1121
1078,221001,green,red,IS05512,bin666,lid555,door333,left222,right1121
1079,221001,green,red,IS05512,bin666,lid555,door333,left222,right1121
1080,221001,green,red,IS05512,bin666,lid555,door333,left222,right1121
1081,221001,green,red,IS05512,bin666,lid555,door333,left222,right1121
1082,221001,green,red,IS05512,bin666,lid555,door333,left222,right1121
1083,221001,green,red,IS05512,bin666,lid555,door333,left222,right1121
1084,221001,green,red,IS05512,bin666,lid555,door333,left222,right1121
